Link Name,Center of Mass X,Center of Mass Y,Center of Mass Z,Center of Mass Roll,Center of Mass Pitch,Center of Mass Yaw,Mass,Moment Ixx,Moment Ixy,Moment Ixz,Moment Iyy,Moment Iyz,Moment Izz,Visual X,Visual Y,Visual Z,Visual Roll,Visual Pitch,Visual Yaw,Mesh Filename,Color Red,Color Green,Color Blue,Color Alpha,Collision X,Collision Y,Collision Z,Collision Roll,Collision Pitch,Collision Yaw,Collision Mesh Filename,Material Name,SW Components,Coordinate System,Axis Name,Joint Name,Joint Type,Joint Origin X,Joint Origin Y,Joint Origin Z,Joint Origin Roll,Joint Origin Pitch,Joint Origin Yaw,Parent,Joint Axis X,Joint Axis Y,Joint Axis Z,Limit Effort,Limit Velocity,Limit Lower,Limit Upper,Calibration rising,Calibration falling,Dynamics Damping,Dynamics Friction,Safety Soft Upper,Safety Soft Lower,Safety K Position,Safety K Velocity
body,-1.6455E-06,-2.7132E-06,0.13522,0,0,0,1.9509,0.0068935,-1.5477E-07,-1.6748E-08,0.0068934,-2.768E-08,0.012599,0,0,0,0,0,0,package://SpiderBot_3Legs/meshes/body.STL,0.79216,0.81961,0.93333,1,0,0,0,0,0,0,package://SpiderBot_3Legs/meshes/body.STL,,spider_body-1,Origin_global,,,,0,0,0,0,0,0,,0,0,0,,,,,,,,,,,,
link_L1_J1,0.0208533170560279,5.55111512312578E-17,-0.0120000000000001,0,0,0,0.00957341037321664,6.35237498388445E-07,1.45583787809333E-21,1.62186169348837E-20,2.95388816018321E-06,-8.55851251114889E-22,3.07273769122766E-06,0,0,0,0,0,0,package://SpiderBot_3Legs/meshes/link_L1_J1.STL,0.792156862745098,0.819607843137255,0.933333333333333,1,0,0,0,0,0,0,package://SpiderBot_3Legs/meshes/link_L1_J1.STL,,Link_A-27,Origin_L1_J1,Axis_L1_J1,L1_J1,continuous,0.108832033144844,-0.108832033144843,0.118000000000001,3.14159265358978,0,-0.785398163397437,body,0,0,1,0,0,0,0,,,,,,,,
link_L1_J2,1.2490009027033E-16,-8.32667268468867E-17,0.0509087121146357,0,0,0,0.0214270498659543,2.34021439622059E-05,3.3881317890172E-21,-6.62009187838439E-20,2.39989247736348E-05,5.15631306641055E-20,1.16162974067387E-06,0,0,0,0,0,0,package://SpiderBot_3Legs/meshes/link_L1_J2.STL,0.792156862745098,0.819607843137255,0.933333333333333,1,0,0,0,0,0,0,package://SpiderBot_3Legs/meshes/link_L1_J2.STL,,Link_B-27,Origin_L1_J2,Axis_L1_J2,L1_J2,continuous,0.0329903810567685,0,-0.0119999999999972,-2.6179938779915,0,-1.5707963267949,link_L1_J1,1,0,0,0,0,0,0,,,,,,,,
link_L1_J3,-0.0509087121146357,5.55111512312578E-17,-1.80411241501588E-16,0,0,0,0.0238433927437446,1.0284985609508E-06,3.45430623802144E-20,-3.94664413861301E-20,3.82502554199004E-05,0,3.83846267529608E-05,0,0,0,0,0,0,package://SpiderBot_3Legs/meshes/link_L1_J3.STL,0.792156862745098,0.819607843137255,0.933333333333333,1,0,0,0,0,0,0,package://SpiderBot_3Legs/meshes/link_L1_J3.STL,,Link_C-27,Origin_L1_J3,Axis_L1_J3,L1_J3,continuous,0,0,0.101817424229271,1.5707963267949,-0.523598775598305,1.57079632679489,link_L1_J2,0,0,1,0,0,0,0,,,,,,,,
link_L1_J4,-2.43606079752823E-10,-0.00336940912784056,-0.0483315670397482,0,0,0,0.0205677845340441,2.06704743841636E-05,2.0589781913943E-14,1.55720656617302E-13,2.05646985832854E-05,-2.80021798240062E-06,1.64193171564564E-06,0,0,0,0,0,0,package://SpiderBot_3Legs/meshes/link_L1_J4.STL,0.792156862745098,0.819607843137255,0.933333333333333,1,0,0,0,0,0,0,package://SpiderBot_3Legs/meshes/link_L1_J4.STL,,Link_D-27,Origin_L1_J4,Axis_L1_J4,L1_J4,continuous,-0.101817424229271,0,0,0,1.57079630572147,0,link_L1_J3,1,0,0,0,0,0,0,,,,,,,,
link_L2_J1,0.020853317056028,2.58745562202825E-15,-0.0120000000000005,0,0,0,0.00957341037321663,6.35237498388445E-07,4.83735718269588E-20,-7.61119860771085E-22,2.95388816018321E-06,-7.75333643384985E-23,3.07273769122765E-06,0,0,0,0,0,0,package://SpiderBot_3Legs/meshes/link_L2_J1.STL,0.792156862745098,0.819607843137255,0.933333333333333,1,0,0,0,0,0,0,package://SpiderBot_3Legs/meshes/link_L2_J1.STL,,Link_A-34,Origin_L4_J1,Axis_L4_J1,L2_J1,continuous,-0.12,0,0.118,3.14159265358979,0,-3.14159265358979,body,0,0,1,0,0,0,0,,,,,,,,
link_L2_J2,-1.61680449544841E-15,4.16333634234434E-17,-0.0509087121146357,0,0,0,0.0214270498659542,2.34021439622059E-05,9.24704574709577E-21,2.99752773227615E-19,2.39989247736348E-05,3.65282958503418E-21,1.16162974067387E-06,0,0,0,0,0,0,package://SpiderBot_3Legs/meshes/link_L2_J2.STL,0.792156862745098,0.819607843137255,0.933333333333333,1,0,0,0,0,0,0,package://SpiderBot_3Legs/meshes/link_L2_J2.STL,,Link_B-36,Origin_L4_J2,Axis_L4_J2,L2_J2,continuous,0.0329903810567663,0,-0.0120000000000009,0.523598775598319,0,-1.5707963267949,link_L2_J1,1,0,0,0,0,0,0,,,,,,,,
link_L2_J3,-0.0509087121146357,0,-7.01622119351565E-16,0,0,0,0.0238433927437446,1.0284985609508E-06,-3.57342024622908E-21,2.66523269546072E-19,3.82502554199004E-05,-2.6725429713548E-21,3.83846267529607E-05,0,0,0,0,0,0,package://SpiderBot_3Legs/meshes/link_L2_J3.STL,0.792156862745098,0.819607843137255,0.933333333333333,1,0,0,0,0,0,0,package://SpiderBot_3Legs/meshes/link_L2_J3.STL,,Link_C-34,Origin_L4_J3,Axis_L4_J3,L2_J3,continuous,0,0,-0.101817424229271,-1.5707963267949,0.5235987755983,-1.5707963267949,link_L2_J2,0,0,1,0,0,0,0,,,,,,,,
link_L2_J4,-2.5622234820109E-10,-0.0401716602985852,0.0270837774161724,0,0,0,0.0205677845321001,2.06704743858935E-05,1.31912105773198E-13,-9.97094644617843E-14,8.797683345262E-06,9.59390740268683E-06,1.34089469552678E-05,0,0,0,0,0,0,package://SpiderBot_3Legs/meshes/link_L2_J4.STL,0.792156862745098,0.819607843137255,0.933333333333333,1,0,0,0,0,0,0,package://SpiderBot_3Legs/meshes/link_L2_J4.STL,,Link_D-34,Origin_L4_J4,Axis_L4_J4,L2_J4,continuous,-0.101817424229271,0,0,2.09439510239322,1.5707963267949,0,link_L2_J3,1,0,0,0,0,0,0,,,,,,,,
link_L3_J1,0.0208533170560279,-9.71445146547012E-17,-0.0120000000000002,0,0,0,0.00957341037321664,6.35237498388445E-07,-1.85288457211878E-22,1.61571029135456E-20,2.95388816018321E-06,9.35076574667276E-22,3.07273769122766E-06,0,0,0,0,0,0,package://SpiderBot_3Legs/meshes/link_L3_J1.STL,0.792156862745098,0.819607843137255,0.933333333333333,1,0,0,0,0,0,0,package://SpiderBot_3Legs/meshes/link_L3_J1.STL,,Link_A-31,Origin_L7_J1,Axis_L7_J1,L3_J1,continuous,0.108832033144843,0.108832033144844,0.118000000000001,-3.14159265358979,0,0.785398163397464,body,0,0,1,0,0,0,0,,,,,,,,
link_L3_J2,1.38777878078145E-17,-6.28663787693995E-15,0.0509087121146328,0,0,0,0.0214270498659542,2.34021439622059E-05,8.470329472543E-22,-1.91905902112302E-20,2.39989247736348E-05,3.36430898737567E-20,1.16162974067387E-06,0,0,0,0,0,0,package://SpiderBot_3Legs/meshes/link_L3_J2.STL,0.792156862745098,0.819607843137255,0.933333333333333,1,0,0,0,0,0,0,package://SpiderBot_3Legs/meshes/link_L3_J2.STL,,Link_B-33,Origin_L7_J2,Axis_L7_J2,L3_J2,continuous,0.0329903810567665,0,-0.0120000000000004,-2.61799387799149,0,-1.5707963267949,link_L3_J1,1,0,0,0,0,0,0,,,,,,,,
link_L3_J3,-0.0509087121146358,0,1.66533453693773E-16,0,0,0,0.0238433927437446,1.0284985609508E-06,-4.56603698129271E-20,4.22987078035116E-20,3.82502554199004E-05,-5.0821976835258E-21,3.83846267529607E-05,0,0,0,0,0,0,package://SpiderBot_3Legs/meshes/link_L3_J3.STL,0.792156862745098,0.819607843137255,0.933333333333333,1,0,0,0,0,0,0,package://SpiderBot_3Legs/meshes/link_L3_J3.STL,,Link_C-31,Origin_L7_J3,Axis_L7_J3,L3_J3,continuous,0,0,0.101817424229268,1.5707963267949,-0.523598775598301,1.5707963267949,link_L3_J2,0,0,1,0,0,0,0,,,,,,,,
link_L3_J4,-2.4360616301955E-10,-0.00336940912784056,-0.0483315670397482,0,0,0,0.020567784534044,2.06704743841635E-05,2.05897853020748E-14,1.55720700768894E-13,2.05646985832853E-05,-2.80021798240061E-06,1.64193171564563E-06,0,0,0,0,0,0,package://SpiderBot_3Legs/meshes/link_L3_J4.STL,0.792156862745098,0.819607843137255,0.933333333333333,1,0,0,0,0,0,0,package://SpiderBot_3Legs/meshes/link_L3_J4.STL,,Link_D-31,Origin_L7_J4,Axis_L7_J4,L3_J4,continuous,-0.101817424229271,0,0,0,1.5707963267949,0,link_L3_J3,1,0,0,0,0,0,0,,,,,,,,
